breakdown_type,model_id,horizon,sku_id,wape,mae,bias,count
horizon,B1,1,ALL,0.6755123550767069,240.34166666666667,-0.12303548424874107,120
horizon,B1,2,ALL,0.7224547480567484,221.51666666666668,0.017611567103332067,120
horizon,B1,3,ALL,0.7262854609929078,273.0833333333333,-0.17016843971631207,120
horizon,B1,4,ALL,0.7881870145097465,224.075,0.09752308368752748,120
horizon,B2,1,ALL,0.6798454151539993,241.88333333333333,-0.048588827731584495,120
horizon,B2,2,ALL,0.6788606838071425,208.15,0.10399793444583356,120
horizon,B2,3,ALL,0.6307845744680851,237.175,-0.0997229609929078,120
horizon,B2,4,ALL,0.7100249157262202,201.85416666666666,0.19069324344130148,120
horizon,B3,1,ALL,1.0648085255884765,378.85,0.3712846937580513,120
horizon,B3,2,ALL,1.1335000271783442,347.55,0.524161548078491,120
horizon,B3,3,ALL,0.78125,293.75,-0.03696808510638298,120
horizon,B3,4,ALL,1.3840246226000292,393.46666666666664,0.9006595339293566,120
horizon,B4_arima_100,1,ALL,0.769101291492653,273.6398303356569,0.1820795861415836,120
horizon,B4_arima_100,2,ALL,0.8521891784715282,261.2954052723451,0.40197805296169287,120
horizon,B4_arima_100,3,ALL,0.8114974743579418,305.1230503585861,0.15063844407051039,120
horizon,B4_arima_100,4,ALL,0.860524899003827,244.640057745963,0.5261155170833612,120
horizon,B4_arima_111,1,ALL,0.7331545366224105,260.85027450911514,0.100044157699879,120
horizon,B4_arima_111,2,ALL,0.7334089364234605,224.87540338970672,0.2812593603970528,120
horizon,B4_arima_111,3,ALL,0.7104783985143625,267.1398778414003,0.04769799782038177,120
horizon,B4_arima_111,4,ALL,0.7687541775087813,218.55040638093394,0.3889266379220673,120
horizon,M1_lgb_deep,1,ALL,0.5980486152882633,212.78071358110336,-0.09367212113597823,120
horizon,M1_lgb_deep,2,ALL,0.6403856193439493,196.3529039845106,0.05122101097632526,120
horizon,M1_lgb_deep,3,ALL,0.5963445060636376,224.22553427992776,-0.1430542379605013,120
horizon,M1_lgb_deep,4,ALL,0.65684844463498,186.7365390726862,0.13354653023386104,120
horizon,M1_lgb_default,1,ALL,0.6022974160784159,214.2924014955664,-0.10942225971051953,120
horizon,M1_lgb_default,2,ALL,0.6001881365845447,184.02768581243114,0.029919529805357656,120
horizon,M1_lgb_default,3,ALL,0.6279111765737553,236.09460239173197,-0.15964810751453676,120
horizon,M1_lgb_default,4,ALL,0.6746797242308402,191.80582326779262,0.11280040213866703,120
horizon,M1_lgb_fast,1,ALL,0.5955480268834952,211.89102506492358,-0.09386602085541143,120
horizon,M1_lgb_fast,2,ALL,0.6111687775278435,187.39453333632895,0.052022998973771814,120
horizon,M1_lgb_fast,3,ALL,0.6135702106183943,230.70239919251628,-0.1429671499813724,120
horizon,M1_lgb_fast,4,ALL,0.6711987704010267,190.81621710192522,0.14078124631466535,120
horizon,M1_lgb_small,1,ALL,0.6307533402216489,224.41678217302749,-0.047367865986843484,120
horizon,M1_lgb_small,2,ALL,0.6517136927596433,199.82628009498598,0.10541471331444575,120
horizon,M1_lgb_small,3,ALL,0.6042966006008379,227.21552182591506,-0.0985676205298821,120
horizon,M1_lgb_small,4,ALL,0.6715239442640958,190.90866132141358,0.19222127983853785,120
sku,B1,0,15036,0.8578444042388214,414.875,0.3440165417420522,16
sku,B1,0,17003,0.8783600325821341,404.375,0.512354059190877,16
sku,B1,0,20725,0.5750612168016576,190.8125,-0.022791486155584857,16
sku,B1,0,21080,0.48005801305293694,82.75,-0.03698332124728064,16
sku,B1,0,21212,0.643831597476896,274.3125,-0.1673756784509315,16
sku,B1,0,21213,0.7050542349411493,190.9375,-0.4987306715901223,16
sku,B1,0,21232,0.4797086368366285,57.625,0.1383975026014568,16
sku,B1,0,21977,0.7788703407271895,425.75,-0.680768351246284,16
sku,B1,0,21980,2.528375733855186,161.5,1.6927592954990216,16
sku,B1,0,21982,2.7637637637637638,172.5625,1.6706706706706707,16
sku,B1,0,21984,0.6082191780821918,27.75,-0.0410958904109589,16
sku,B1,0,21985,0.7476496783770411,94.4375,-0.14299851558634338,16
sku,B1,0,22086,0.9119412941961308,85.4375,-0.9119412941961308,16
sku,B1,0,22178,0.46286753561685356,190.875,-0.11185207638678388,16
sku,B1,0,22197,1.0175090623076397,929.8125,-0.06873674851241365,16
sku,B1,0,22386,0.3785484118459414,154.1875,-0.3322080711984042,16
sku,B1,0,71459,0.4641393442622951,113.25,0.17008196721311475,16
sku,B1,0,84077,0.8274454937623877,443.5625,0.2769033461583304,16
sku,B1,0,84270,,0.0,,16
sku,B1,0,84347,0.9914893617021276,14.5625,-0.9659574468085106,16
sku,B1,0,84568,1.108761329305136,527.5625,-0.5171417312491791,16
sku,B1,0,84755,0.4619993692841375,183.125,0.30558183538315986,16
sku,B1,0,84879,0.8637437399603137,571.3125,-0.05130870263630351,16
sku,B1,0,84946,0.5119004027828634,174.75,-0.29403149029659464,16
sku,B1,0,84991,0.7150199885779555,156.5,-0.12164477441462021,16
sku,B1,0,84992,0.7965979008324285,137.5625,-0.6018820123054651,16
sku,B1,0,85099B,0.40548050945580855,328.3125,-0.0023928984947896564,16
sku,B1,0,85099C,0.5290432801822323,116.125,0.0387243735763098,16
sku,B1,0,85099F,0.6411556006082109,237.1875,-0.523568170299037,16
sku,B1,0,85123A,0.6330582466212176,330.8125,0.2912331060877885,16
sku,B2,0,15036,0.8990049108296717,434.78125,0.421555957611786,16
sku,B2,0,17003,0.732079826228618,337.03125,0.021449904968775454,16
sku,B2,0,20725,0.5413448860425693,179.625,0.005274062912036165,16
sku,B2,0,21080,0.42385786802030456,73.0625,0.03625815808556925,16
sku,B2,0,21212,0.5065277981516796,215.8125,-0.14874578260231774,16
sku,B2,0,21213,0.607777521347796,164.59375,-0.3180244634202631,16
sku,B2,0,21232,0.4172736732570239,50.125,0.14724245577523412,16
sku,B2,0,21977,0.8785730619711868,480.25,-0.14715298422135834,16
sku,B2,0,21980,1.2984344422700587,82.9375,0.6301369863013698,16
sku,B2,0,21982,1.3183183183183182,82.3125,0.47047047047047047,16
sku,B2,0,21984,0.47191780821917806,21.53125,-0.14520547945205478,16
sku,B2,0,21985,0.7412172191984167,93.625,0.05096486887679367,16
sku,B2,0,22086,0.8879252835223482,83.1875,-0.4816544362908606,16
sku,B2,0,22178,0.4464231585328888,184.09375,0.08532888754167929,16
sku,B2,0,22197,0.9899117707407155,904.59375,-0.015525613843102387,16
sku,B2,0,22386,0.2882461255178763,117.40625,-0.1310418904403867,16
sku,B2,0,71459,0.46875,114.375,0.3004610655737705,16
sku,B2,0,84077,0.664801212545179,356.375,0.3641133263378804,16
sku,B2,0,84270,,0.0,,16
sku,B2,0,84347,1.3659574468085107,20.0625,-0.12340425531914893,16
sku,B2,0,84568,1.2935767765663997,615.5,-0.12636280047287535,16
sku,B2,0,84755,0.3445285398927783,136.5625,0.18416903185115105,16
sku,B2,0,84879,0.9423603893036001,623.3125,0.02683549088160257,16
sku,B2,0,84946,0.48041010618820945,164.0,-0.007506407909190773,16
sku,B2,0,84991,0.6215019988577956,136.03125,-0.11736150770988008,16
sku,B2,0,84992,1.1178067318132465,193.03125,0.009771986970684038,16
sku,B2,0,85099B,0.3219992280972597,260.71875,-0.07780779621767657,16
sku,B2,0,85099C,0.41600227790432803,91.3125,0.035876993166287015,16
sku,B2,0,85099F,0.49662105085318464,183.71875,-0.16675114039533706,16
sku,B2,0,85123A,0.5128573137184548,268.0,0.15213491209185503,16
sku,M1_lgb_deep,0,15036,0.9134813215041567,441.7824041124478,0.3268503809818372,16
sku,M1_lgb_deep,0,17003,0.7311480882801031,336.60230114195247,0.10308335139292442,16
sku,M1_lgb_deep,0,20725,0.3960613766274324,131.41811553218992,-0.15313963102087877,16
sku,M1_lgb_deep,0,21080,0.43703233044833184,75.3334479610312,0.2823696408080079,16
sku,M1_lgb_deep,0,21212,0.6058837114427524,258.14432880657773,0.012575952469140507,16
sku,M1_lgb_deep,0,21213,0.5330946402796979,144.3686922707457,-0.16429058899481702,16
sku,M1_lgb_deep,0,21232,0.6923074682033892,83.16343461793213,0.5390331302805242,16
sku,M1_lgb_deep,0,21977,0.7489137081578175,409.37495572176704,-0.4391481100418601,16
sku,M1_lgb_deep,0,21980,1.3932392452459326,88.99315679008394,0.9533071578712498,16
sku,M1_lgb_deep,0,21982,1.5658352566659093,97.76683883807772,1.2712910985312207,16
sku,M1_lgb_deep,0,21984,0.48279593544161153,22.027564554523526,0.030347152710727524,16
sku,M1_lgb_deep,0,21985,0.7642116276012205,96.52948121137916,0.0264613685057238,16
sku,M1_lgb_deep,0,22086,0.9571106300327142,89.66930215118991,-0.3572585271974488,16
sku,M1_lgb_deep,0,22178,0.39123795916657234,161.33675341131527,0.08331587144366477,16
sku,M1_lgb_deep,0,22197,0.8494669709630768,776.2535364031966,-0.16281120598811907,16
sku,M1_lgb_deep,0,22386,0.27040475203591974,110.13923556363056,-0.1712275813534467,16
sku,M1_lgb_deep,0,71459,0.46734965023596425,114.03331465757527,0.31832532515857315,16
sku,M1_lgb_deep,0,84077,0.5568366646097157,298.4992545223457,0.16197386709772754,16
sku,M1_lgb_deep,0,84270,,36.031686981599336,,16
sku,M1_lgb_deep,0,84347,2.2336072572051093,32.806106590200045,1.4546248935691861,16
sku,M1_lgb_deep,0,84568,1.0526011095938554,500.8407654586264,-0.5335977043276279,16
sku,M1_lgb_deep,0,84755,0.3051793396549838,120.9654607557442,0.06151726174653852,16
sku,M1_lgb_deep,0,84879,0.6510887283743485,430.6545007741081,-0.22278220112697478,16
sku,M1_lgb_deep,0,84946,0.44228427351034233,150.98479386959312,-0.16778041255680207,16
sku,M1_lgb_deep,0,84991,0.8413895767193859,184.15914360445558,0.1722127447688058,16
sku,M1_lgb_deep,0,84992,1.0870949804006111,187.72771442793052,-0.0014073340404522575,16
sku,M1_lgb_deep,0,85099B,0.3315918111000391,268.4857445500629,-0.00885395783678931,16
sku,M1_lgb_deep,0,85099C,0.4041436096836513,88.70952232556147,0.09028910523654664,16
sku,M1_lgb_deep,0,85099F,0.451859396826976,167.15973561367943,-0.1348337198726995,16
sku,M1_lgb_deep,0,85123A,0.47220454714447824,246.7563886671864,0.08586792969284453,16
