total_weeks,total_demand,total_sales,total_unmet_units,fill_rate,weeks_with_unmet,total_purchase_spend_scu,total_holding_cost_scu,total_unmet_penalty_scu,terminal_value_scu,net_realized_cost_scu,final_on_hand_units,final_pipeline_units,capacity_breaches,budget_multiplier,weekly_budget_scu,policy,solver_failures
12,156206,76446,79760,0.48939221284713774,12,68928.0,1723.22,398800.0,5821.5,463629.72,5899,5744,0,0.6,5744.0,P0_Rule,0
12,156206,75628,80578,0.484155538199557,12,68928.0,1669.8400000000001,402890.0,6230.5,467257.33999999997,6717,5744,0,0.6,5744.0,P1_MILP_Baseline,0
12,156206,60751,95455,0.3889159187227123,12,51696.0,1370.0,477275.0,5053.0,525288.0,4362,5744,0,0.6,5744.0,P2_MILP_Champion,3
12,156206,108813,47393,0.6965993623804463,12,107662.0,2342.8600000000006,236965.0,9005.0,337964.86,8456,9554,0,1.0,9573.0,P0_Rule,0
12,156206,109589,46617,0.7015671613126256,12,109291.0,2155.2,233085.0,9431.5,335099.7,9290,9573,0,1.0,9573.0,P1_MILP_Baseline,0
12,156206,102476,53730,0.6560311383685646,12,101803.0,2458.4,268650.0,9244.0,363667.4,11387,7101,0,1.0,9573.0,P2_MILP_Champion,0
12,156206,111603,44603,0.7144603920464002,12,110786.0,2385.34,223015.0,9172.0,327014.33999999997,7848,10496,0,1.4,13403.0,P0_Rule,0
12,156206,111202,45004,0.7118932691445912,12,113557.0,2308.66,225020.0,10758.0,330127.66000000003,10482,11034,0,1.4,13403.0,P1_MILP_Baseline,0
12,156206,102647,53559,0.6571258466384133,12,102164.0,2460.6000000000004,267795.0,9339.0,363080.6,11188,7490,0,1.4,13403.0,P2_MILP_Champion,0
